iata_code,icao_code,name,alias,
0B,BMS,Blue Air,,"""0B""=>""Blue Air"","
0C,,Catovair,,"""0C""=>""Catovair"","
0J,,Premium Jet AG,,"""0J""=>""Premium Jet AG"","
0O,,STA Travel,,"""0O""=>""STA Travel"","
0P,,Palau Pacific Airways,,"""0P""=>""Palau Pacific Airways"","
0V,VFC,Vietnam Air Services Company,,"""0V""=>""Vietnam Air Services Company"","
0W,,W Caribbean Costa Rica,,"""0W""=>""W Caribbean Costa Rica"","
1A,AGT,Amadeus,,"""1A""=>""Amadeus"","
1B,,Abacus,Abacus,"""1B""=>""Abacus"","
1C,,EDS Information Business,Gemini,"""1C""=>""EDS Information Business"","
1D,,Raddix Solutions,,"""1D""=>""Raddix Solutions"","
1E,,Travelsky Technology,Civil China,"""1E""=>""Travelsky Technology"","
1F,TTF,Infini Travel Information,,"""1F""=>""Infini Travel Information"","
1G,,Travelport Galileo,Galileo,"""1G""=>""Travelport Galileo"","
1H,,Sirena Travel,,"""1H""=>""Sirena Travel"","
1I,,Netjets Aviation,,"""1I""=>""Netjets Aviation"","
1J,,Axess International,,"""1J""=>""Axess International"","
1K,,Sutra,Southern,"""1K""=>""Sutra"","
1L,,Navitaire Open Skies,,"""1L""=>""Navitaire Open Skies"","
1M,,Sirena Jsc,Sertel,"""1M""=>""Sirena Jsc"","
1N,,Navitaire New Skies,,"""1N""=>""Navitaire New Skies"","
1O,,Phoenix Systems Dertours,,"""1O""=>""Phoenix Systems Dertours"","
1P,WSP,Travelport Worldspan,Worldspan,"""1P""=>""Travelport Worldspan"","
1Q,,Joint Stock Company Ital,,"""1Q""=>""Joint Stock Company Ital"","
1R,,Bird Information Systems,,"""1R""=>""Bird Information Systems"","
1S,,Sabre,,"""1S""=>""Sabre"","
1T,,East Line,,"""1T""=>""East Line"","
1U,,ITA Software,Google ITA,"""1U""=>""ITA Software"","
1V,,Galileo International,Covia,"""1V""=>""Galileo International"","
1W,,Sabre,,"""1W""=>""Sabre"","
1X,,Branson Air Express,,"""1X""=>""Branson Air Express"","
1Y,,Electronic Data Systems (EDS),,"""1Y""=>""Electronic Data Systems (EDS)"","
1Z,APD,Fantasia Info Network,Asia Pacific,"""1Z""=>""Fantasia Info Network"","
2A,DBB,Deutsche Bahn,,"""2A""=>""Deutsche Bahn"","
2B,AWT,Albawings,,"""2B""=>""Albawings"","
2C,,SNCF,,"""2C""=>""SNCF"","
2D,EAL,Eastern Airlines,,"""2D""=>""Eastern Airlines"","
2E,EIX,Smokey Bay Air,Ei Air Export,"""2E""=>""Smokey Bay Air"","
2F,FAV,Fair Aviation,,"""2F""=>""Fair Aviation"","
2G,,Angara Airlines,,"""2G""=>""Angara Airlines"","
2H,,Thalys,,"""2H""=>""Thalys"","
2I,SRU,Star Perú,,"""2I""=>""Star Perú"","
2J,VBW,Air Burkina,,"""2J""=>""Air Burkina"","
2K,GLG,Aerolineas Galapagos,Aerogal,"""2K""=>""Aerolineas Galapagos"","
2L,OAW,Helvetic Airways,2L Helvetic,"""2L""=>""Helvetic Airways"","
2M,MYD,Maya Island Air,,"""2M""=>""Maya Island Air"","
2N,NTJ,Nextjet,,"""2N""=>""Nextjet"","
2O,RNE,Redemption,,"""2O""=>""Redemption"","
2P,GAP,PAL Express,,"""2P""=>""PAL Express"","
2Q,SNC,Air Cargo Carriers,,"""2Q""=>""Air Cargo Carriers"","
2R,VRR,VIA Rail Canada,,"""2R""=>""VIA Rail Canada"","
2S,,Air Carnival,,"""2S""=>""Air Carnival"","
2T,TBS,Timbis Air,,"""2T""=>""Timbis Air"","
2U,ERO,Ero Sun d'Or,,"""2U""=>""Ero Sun d'Or"","
2V,,Amtrak,,"""2V""=>""Amtrak"","
2Z,PTB,Passaredo Transportes,,"""2Z""=>""Passaredo Transportes"","
3A,,Chu Kong Passenger Transport,Mafira Air,"""3A""=>""Chu Kong Passenger Transport"","
3B,JBR,Job Air,,"""3B""=>""Job Air"","
3C,,Calima Aviacion,Corporate Exp,"""3C""=>""Calima Aviacion"","
3D,,Dokasch,,"""3D""=>""Dokasch"","
3E,OMQ,Multi Aero,Air Bretagne,"""3E""=>""Multi Aero"","
3F,,Pacific Airways,,"""3F""=>""Pacific Airways"","
3G,CXM,AsiaCargo Express,,"""3G""=>""AsiaCargo Express"","
3H,AIE,Air Inuit,,"""3H""=>""Air Inuit"","
3I,LFM,Pison Airways Ltd,Virgin Austra,"""3I""=>""Pison Airways Ltd"","
3J,JBW,Jubba Airways Kenya,,"""3J""=>""Jubba Airways Kenya"","
3K,JSA,Jetstar Asia Airways,,"""3K""=>""Jetstar Asia Airways"","
3M,GFT,Silver Airways,,"""3M""=>""Silver Airways"","
3N,URG,Air Urga,Airvantage,"""3N""=>""Air Urga"","
3O,MAC,Air Arabia Maroc,,"""3O""=>""Air Arabia Maroc"","
3Q,,Carib Aviation Limited,Yunnan Air,"""3Q""=>""Carib Aviation Limited"","
3R,DVR,Divi Divi Air,,"""3R""=>""Divi Divi Air"","
3S,,Air Antilles Express,,"""3S""=>""Air Antilles Express"","
3T,TRQ,Tarco Air,Turan Air,"""3T""=>""Tarco Air"","
3U,CSC,Sichuan Airlines,,"""3U""=>""Sichuan Airlines"","
3V,TAY,Tnt Airways,Viking Air,"""3V""=>""Tnt Airways"","
3W,MWI,Malawian Airlines,,"""3W""=>""Malawian Airlines"","
3X,,Premier Trans Aire,,"""3X""=>""Premier Trans Aire"","
3Z,TVP,Travel Service Polska,,"""3Z""=>""Travel Service Polska"","
4A,AMP,Aero Transporte,ATSA,"""4A""=>""Aero Transporte"","
4B,TUP,Aviastar TU,,"""4B""=>""Aviastar TU"","
4C,ARE,LATAM Colombia,,"""4C""=>""LATAM Colombia"","
4D,ASD,Air Sinai,,"""4D""=>""Air Sinai"","
4E,TNR,Tanana Air Service,,"""4E""=>""Tanana Air Service"","
4F,FDT,Freedom Airline Express,,"""4F""=>""Freedom Airline Express"","
4G,GZP,Gazpromavia,,"""4G""=>""Gazpromavia"","
4H,,United Airways Bangladesh,Trans Pacific,"""4H""=>""United Airways Bangladesh"","
4I,IZM,Ihy Izmir Havayollari,,"""4I""=>""Ihy Izmir Havayollari"","
4J,,Flydamas Airlines,,"""4J""=>""Flydamas Airlines"","
4K,KBA,Kenn Borek Air,,"""4K""=>""Kenn Borek Air"","
4L,,Palau National Airlines,,"""4L""=>""Palau National Airlines"","
4M,DSM,LATAM Argentina,,"""4M""=>""LATAM Argentina"","
4N,,Air North,,"""4N""=>""Air North"","
4O,AIJ,Interjet,,"""4O""=>""Interjet"","
4P,,Travel Air,,"""4P""=>""Travel Air"","
4Q,SFW,Safi Airways,,"""4Q""=>""Safi Airways"","
4R,SEK,Star East Airline,,"""4R""=>""Star East Airline"","
4S,STB,Star Airways,Aerohonduras,"""4S""=>""Star Airways"","
4T,,Belair Airlines,Russian Air,"""4T""=>""Belair Airlines"","
4U,GWI,Germanwings,,"""4U""=>""Germanwings"","
4V,,Lacbravo,,"""4V""=>""Lacbravo"","
4W,VNA,Warbelows Air Ventures,,"""4W""=>""Warbelows Air Ventures"","
4X,ANX,Atlantic Express Airline,,"""4X""=>""Atlantic Express Airline"","
4Y,TUD,Flight Alaska,Yute Air Alaska,"""4Y""=>""Flight Alaska"","
4Z,LNK,Airlink,,"""4Z""=>""Airlink"","
5B,BSX,Bassaka Air,,"""5B""=>""Bassaka Air"","
5C,,Nature Air,,"""5C""=>""Nature Air"","
5D,SLI,Aeroméxico Connect,Aeromexico Connect,"""5D""=>""Aeroméxico Connect"","
5E,JTM,East Coast Flight Services,,"""5E""=>""East Coast Flight Services"","
5F,FIA,Fly One,,"""5F""=>""Fly One"","
5H,FFV,Five Fourty Aviation,,"""5H""=>""Five Fourty Aviation"","
5I,,ALSA,Alsa Grupo SLU,"""5I""=>""ALSA"","
5J,CEB,Cebu Pacific,,"""5J""=>""Cebu Pacific"","
5K,HFY,Hi Fly,,"""5K""=>""Hi Fly"","
5L,,Fly Salone,,"""5L""=>""Fly Salone"","
5M,MNT,Montserrat Airways,Sibaviatrans,"""5M""=>""Montserrat Airways"","
5N,AUL,Jsc Nordavia,Jsc Nordavia,"""5N""=>""Jsc Nordavia"","
5O,FPO,ASL Airlines France,,"""5O""=>""ASL Airlines France"","
5P,PCP,PAL Airlines,Aerolinea Principal Chile,"""5P""=>""PAL Airlines"","
5R,RUC,RUTACA Airlines,,"""5R""=>""RUTACA Airlines"","
5S,PSV,Servicios Aereos Profesionales,,"""5S""=>""Servicios Aereos Profesionales"","
5T,MPE,Canadian North,,"""5T""=>""Canadian North"","
5U,TGU,Transportes Aéreos Guatemaltecos,,"""5U""=>""Transportes Aéreos Guatemaltecos"","
5V,,Everts,Lviv Airlines,"""5V""=>""Everts"","
5W,,WESTBahn,,"""5W""=>""WESTBahn"","
5X,UPS,UPS Airlines,,"""5X""=>""UPS Airlines"","
5Y,GTI,Atlas Air,,"""5Y""=>""Atlas Air"","
5Z,KEM,CemAir,,"""5Z""=>""CemAir"","
6A,AMW,Armenia Airways,,"""6A""=>""Armenia Airways"","
6B,BLX,Tuifly Nordic,Britannia,"""6B""=>""Tuifly Nordic"","
6C,,Air Timor,,"""6C""=>""Air Timor"","
6D,TVQ,Travel Service Slovensko,,"""6D""=>""Travel Service Slovensko"","
6E,IGO,IndiGo,,"""6E""=>""IndiGo"","
6F,PRW,Primera Air Nordic,,"""6F""=>""Primera Air Nordic"","
6G,LTD,Executive Express Aviation,,"""6G""=>""Executive Express Aviation"","
6H,ISR,Israir Airlines,Israir Airlin,"""6H""=>""Israir Airlines"","
6I,,Air Alsie,,"""6I""=>""Air Alsie"","
6J,,Solaseed Air,,"""6J""=>""Solaseed Air"","
6K,SGB,Songbird Airways,,"""6K""=>""Songbird Airways"","
6L,AKK,Aklak Air,,"""6L""=>""Aklak Air"","
6M,,Air Minas Linhas Aereas,,"""6M""=>""Air Minas Linhas Aereas"","
6N,NIN,Niger Airlines,,"""6N""=>""Niger Airlines"","
6O,OBS,Orbest,,"""6O""=>""Orbest"","
6Q,SAW,Cham Wings Airlines,Slovak Arlines,"""6Q""=>""Cham Wings Airlines"","
6R,DRU,ALROSA,,"""6R""=>""ALROSA"","
6S,SGQ,Saudi Gulf Airlines,,"""6S""=>""Saudi Gulf Airlines"","
6T,,Air Mandalay,,"""6T""=>""Air Mandalay"","
6V,,Avanza,Mars Rk,"""6V""=>""Avanza"","
6W,,Saratov Airlines,,"""6W""=>""Saratov Airlines"","
6Y,ART,SmartLynx Airlines,,"""6Y""=>""SmartLynx Airlines"","
6Z,,Eurasia Air,,"""6Z""=>""Eurasia Air"","
7A,XRC,Express Air Cargo,,"""7A""=>""Express Air Cargo"","
7B,,Fly Blue Crane,,"""7B""=>""Fly Blue Crane"","
7C,JJA,Jeju Air,,"""7C""=>""Jeju Air"","
7D,,MGC Aviation,,"""7D""=>""MGC Aviation"","
7E,AWU,Sylt Air,,"""7E""=>""Sylt Air"","
7F,FAB,First Air,First Air,"""7F""=>""First Air"","
7G,SFJ,StarFlyer,,"""7G""=>""StarFlyer"","
7H,RVF,Ravn Alaska,,"""7H""=>""Ravn Alaska"","
7I,INC,Insel Air International,,"""7I""=>""Insel Air International"","
7J,TJK,Tajik Air,,"""7J""=>""Tajik Air"","
7K,,Kogalymavia Airlines,,"""7K""=>""Kogalymavia Airlines"","
7L,CRN,Aero Caribbean,,"""7L""=>""Aero Caribbean"","
7M,MYI,Mayair,Aeromonterr,"""7M""=>""Mayair"","
7N,PWD,PAWA Dominicana,,"""7N""=>""PAWA Dominicana"","
7O,TVL,Travel Service Hungary,,"""7O""=>""Travel Service Hungary"","
7P,PST,Air Panama,,"""7P""=>""Air Panama"","
7Q,,Elite Airways,,"""7Q""=>""Elite Airways"","
7R,RLU,RusLine,,"""7R""=>""RusLine"","
7S,RYA,Ryan Air Services,,"""7S""=>""Ryan Air Services"","
7T,,Trenitalia,,"""7T""=>""Trenitalia"","
7U,,Alpha Air Transport,,"""7U""=>""Alpha Air Transport"","
7V,,Federal Airlines,Federal Airlines,"""7V""=>""Federal Airlines"","
7W,WRC,Wind Rose Aviation,,"""7W""=>""Wind Rose Aviation"","
7Y,MYP,Mann Yadanarpon Airlines,,"""7Y""=>""Mann Yadanarpon Airlines"","
7Z,,Halcyon Air Cabo Verde,,"""7Z""=>""Halcyon Air Cabo Verde"","
8A,,Panama Airways,,"""8A""=>""Panama Airways"","
8B,TNU,TransNusa Air Services,,"""8B""=>""TransNusa Air Services"","
8C,ATN,Air Transport International,,"""8C""=>""Air Transport International"","
8D,,Servant Air,,"""8D""=>""Servant Air"","
8E,BRG,Bering Air,,"""8E""=>""Bering Air"","
8F,STP,STP Airways,,"""8F""=>""STP Airways"","
8G,MFG,Mid Africa Aviation,,"""8G""=>""Mid Africa Aviation"","
8H,BGH,BH Air,,"""8H""=>""BH Air"","
8I,NLU,Insel Air Aruba,,"""8I""=>""Insel Air Aruba"","
8J,,Línea Aerea Eco Jet,,"""8J""=>""Línea Aerea Eco Jet"","
8L,LKE,Lucky Air,,"""8L""=>""Lucky Air"","
8M,MMA,Myanmar Airways International,,"""8M""=>""Myanmar Airways International"","
8N,REG,Regional Air Services,,"""8N""=>""Regional Air Services"","
8P,PCO,Pacific Coastal Airlines,Pac Coastal,"""8P""=>""Pacific Coastal Airlines"","
8Q,OHY,Onur Air,,"""8Q""=>""Onur Air"","
8R,OLS,Sol Líneas Aéreas,,"""8R""=>""Sol Líneas Aéreas"","
8S,,Shun Tak China,,"""8S""=>""Shun Tak China"","
8T,TID,Air Tindi,,"""8T""=>""Air Tindi"","
8U,AAW,Afriqiyah Airways,,"""8U""=>""Afriqiyah Airways"","
8V,ACP,Astral Aviation,,"""8V""=>""Astral Aviation"","
8W,EDR,Fly All Ways Airlines,,"""8W""=>""Fly All Ways Airlines"","
8Y,AAV,Pan Pacific Airlines,,"""8Y""=>""Pan Pacific Airlines"","
8Z,CGA,Congo Airways,,"""8Z""=>""Congo Airways"","
9A,,Aladia Airlines,Airatlantic,"""9A""=>""Aladia Airlines"","
9B,,AccesRail,,"""9B""=>""AccesRail"","
9C,CQH,Spring Airlines,,"""9C""=>""Spring Airlines"","
9E,FLG,Endeavor Air,,"""9E""=>""Endeavor Air"","
9F,,Eurostar,,"""9F""=>""Eurostar"","
9G,,9G Rail,,"""9G""=>""9G Rail"","
9H,CGN,Chang An Airlines,,"""9H""=>""Chang An Airlines"","
9I,LLR,Air India Regional,,"""9I""=>""Air India Regional"","
9J,DAN,Dana Air,,"""9J""=>""Dana Air"","
9K,KAP,Cape Air,,"""9K""=>""Cape Air"","
9L,WLN,West Link Airways,,"""9L""=>""West Link Airways"","
9M,GLR,Central Mountain Air,,"""9M""=>""Central Mountain Air"","
9N,TOS,Tropic Air,,"""9N""=>""Tropic Air"","
9P,PTR,Air Arabia Jordan,Petra Airlines,"""9P""=>""Air Arabia Jordan"","
9Q,CXE,Caicos Express Airways,PB Air,"""9Q""=>""Caicos Express Airways"","
9R,NSE,SATENA,,"""9R""=>""SATENA"","
9S,SOO,Southern Air,,"""9S""=>""Southern Air"","
9T,RUN,MyCargo Airlines,,"""9T""=>""MyCargo Airlines"","
9U,MLD,Air Moldova,,"""9U""=>""Air Moldova"","
9V,ROI,Avior Airlines,,"""9V""=>""Avior Airlines"","
9W,JAI,Jet Airways,,"""9W""=>""Jet Airways"","
9X,FDY,Southern Airways Express,,"""9X""=>""Southern Airways Express"","
A0,MCJ,Macair Jet,,"""A0""=>""Macair Jet"","
A1,,G Switch Works,,"""A1""=>""G Switch Works"","
A2,AZI,Astra Airlines,,"""A2""=>""Astra Airlines"","
A3,AEE,Aegean Airlines,,"""A3""=>""Aegean Airlines"","
A4,,Azimuth,,"""A4""=>""Azimuth"","
A5,HOP,HOP!,,"""A5""=>""HOP!"","
A6,HTU,Yunnan Hongtu Airline,,"""A6""=>""Yunnan Hongtu Airline"","
A7,CFV,Aéreo Calafia,Aereo Calafia,"""A7""=>""Aéreo Calafia"","
A8,XAU,Aerolink Uganda,,"""A8""=>""Aerolink Uganda"","
A9,,Georgian Airways,Arizena Air,"""A9""=>""Georgian Airways"","
AA,AAL,American Airlines,,"""AA""=>""American Airlines"","
AC,ACA,Air Canada,,"""AC""=>""Air Canada"","
AD,AZU,Azul Brazilian Airlines,Azul Linhas Aéreas Brasileiras,"""AD""=>""Azul Brazilian Airlines"","
AE,MDA,Mandarin Airlines,,"""AE""=>""Mandarin Airlines"","
AF,AFR,Air France,,"""AF""=>""Air France"","
AG,,Aruba Airlines,,"""AG""=>""Aruba Airlines"","
AH,DAH,Air Algerie,,"""AH""=>""Air Algerie"","
AI,AIC,Air India,,"""AI""=>""Air India"","
AJ,,Aztec Worldwide Airlines,Aerocontracto,"""AJ""=>""Aztec Worldwide Airlines"","
AK,AXM,AirAsia,,"""AK""=>""AirAsia"","
AL,ALD,Air Leisure,,"""AL""=>""Air Leisure"","
AM,AMX,AeroMexico,AeroMexico,"""AM""=>""AeroMexico"","
AN,RLA,HOP Airlinair,,"""AN""=>""HOP Airlinair"","
AP,LAV,AlbaStar,,"""AP""=>""AlbaStar"","
AQ,,9 Air,,"""AQ""=>""9 Air"","
AR,ARG,Aerolíneas Argentinas,,"""AR""=>""Aerolíneas Argentinas"","
AS,ASA,Alaska Airlines,,"""AS""=>""Alaska Airlines"","
AT,RAM,Royal Air Maroc,,"""AT""=>""Royal Air Maroc"","
AU,AUT,Austral Líneas Aéreas,Cielos del Sur,"""AU""=>""Austral Líneas Aéreas"","
AV,AVA,Avianca,,"""AV""=>""Avianca"","
AW,AFW,Africa World Airlines,,"""AW""=>""Africa World Airlines"","
AX,LOF,Trans States Airlines,,"""AX""=>""Trans States Airlines"","
AY,FIN,Finnair,,"""AY""=>""Finnair"","
AZ,AZA,Alitalia,Alitalia S.A.I.,"""AZ""=>""Alitalia"","
B0,DJT,La Compagnie,Dreamjet,"""B0""=>""La Compagnie"","
B1,,Cions Software,,"""B1""=>""Cions Software"","
B2,BRU,Belavia,,"""B2""=>""Belavia"","
B3,BTN,Bhutan Airlines,Tashi Air,"""B3""=>""Bhutan Airlines"","
B4,TAN,Zanair,,"""B4""=>""Zanair"","
B5,EXZ,Fly-SAX,,"""B5""=>""Fly-SAX"","
B6,JBU,JetBlue,,"""B6""=>""JetBlue"","
B7,UIA,Uni Airways,,"""B7""=>""Uni Airways"","
B8,ERT,Eritrean Airlines,,"""B8""=>""Eritrean Airlines"","
B9,IRB,Iran Air Tours,,"""B9""=>""Iran Air Tours"","
BA,BAW,British Airways,,"""BA""=>""British Airways"","
BB,SBS,Seaborne Airlines,,"""BB""=>""Seaborne Airlines"","
BC,SKY,Skymark Airlines,,"""BC""=>""Skymark Airlines"","
BD,BYC,Cambodia Bayon Airlines,,"""BD""=>""Cambodia Bayon Airlines"","
BE,BEE,Flybe,Brit Europ,"""BE""=>""Flybe"","
BF,FBU,French Bee,,"""BF""=>""French Bee"","
BG,BBC,Biman Bangladesh Airline,,"""BG""=>""Biman Bangladesh Airline"","
BH,BHA,Hawkair,,"""BH""=>""Hawkair"","
BI,RBA,Royal Brunei,Royalbrunei,"""BI""=>""Royal Brunei"","
BJ,LBT,Nouvelair,,"""BJ""=>""Nouvelair"","
BK,OKA,Okay Airways,Paradise Isl,"""BK""=>""Okay Airways"","
BL,PIC,Jetstar Pacific Airlines,Pacific Air,"""BL""=>""Jetstar Pacific Airlines"","
BM,BMR,bmi regional,British Midland Regional Limited,"""BM""=>""bmi regional"","
BN,,Bahrain Air,Horizon Airli,"""BN""=>""Bahrain Air"","
BO,,BB Airways,,"""BO""=>""BB Airways"","
BP,BOT,Air Botswana,,"""BP""=>""Air Botswana"","
BR,EVA,EVA Air,,"""BR""=>""EVA Air"","
BS,,US-Bangla Airlines,,"""BS""=>""US-Bangla Airlines"","
BT,BTI,airBaltic,,"""BT""=>""airBaltic"","
BU,FPY,Compagnie Africaine d'Aviation,,"""BU""=>""Compagnie Africaine d'Aviation"","
BV,BPA,Blue Panorama Airlines,Blue Panorama,"""BV""=>""Blue Panorama Airlines"","
BW,BWA,Caribbean Airlines,,"""BW""=>""Caribbean Airlines"","
BX,ABL,Air Busan,,"""BX""=>""Air Busan"","
BY,TOM,Thomson Airways,Britannia Airways,"""BY""=>""Thomson Airways"","
BZ,BBG,Bluebird Airways,,"""BZ""=>""Bluebird Airways"","
C0,CLW,Centralwings,,"""C0""=>""Centralwings"","
C1,,Tectimes Sudamerica,,"""C1""=>""Tectimes Sudamerica"","
C2,,Ceiba Intercontinental,Ceiba,"""C2""=>""Ceiba Intercontinental"","
C3,TDR,Trade Air,,"""C3""=>""Trade Air"","
C4,,Alma De Mexico,,"""C4""=>""Alma De Mexico"","
C5,UCA,CommutAir,Champlain Enterprises,"""C5""=>""CommutAir"","
C6,CJA,Canjet Airlines,Bright Airlines,"""C6""=>""Canjet Airlines"","
C7,RLE,Cinnamon Air,Saffron Aviation,"""C7""=>""Cinnamon Air"","
C8,CRA,Cronos Airlines,,"""C8""=>""Cronos Airlines"","
C9,SWZ,Skywise,Cabolor,"""C9""=>""Skywise"","
CA,CCA,Air China,,"""CA""=>""Air China"","
CC,OMT,CM Airlines,,"""CC""=>""CM Airlines"","
CD,CND,Corendon Dutch Airlines,Seaview Air,"""CD""=>""Corendon Dutch Airlines"","
CE,CLG,Chalair Aviation,Chalair,"""CE""=>""Chalair Aviation"","
CF,CYZ,China Postal Airlines,,"""CF""=>""China Postal Airlines"","
CG,TOK,PNG Air,,"""CG""=>""PNG Air"","
CH,BMJ,Bemidji Airlines,,"""CH""=>""Bemidji Airlines"","
CI,CAL,China Airlines,,"""CI""=>""China Airlines"","
CJ,CFE,BA CityFlyer,China North,"""CJ""=>""BA CityFlyer"","
CK,NDR,China Cargo Airlines,Andesmar Lin,"""CK""=>""China Cargo Airlines"","
CL,CLH,Lufthansa CityLine,,"""CL""=>""Lufthansa CityLine"","
CM,CMP,Copa Airlines,Compañía Panameña de Aviación,"""CM""=>""Copa Airlines"","
CN,GDC,Grand China Air,,"""CN""=>""Grand China Air"","
CO,FCB,Cobalt Air,,"""CO""=>""Cobalt Air"","
CP,CPZ,Compass Airlines,,"""CP""=>""Compass Airlines"","
CQ,,Coastal Travels,,"""CQ""=>""Coastal Travels"","
CR,,OAG Worldwide,,"""CR""=>""OAG Worldwide"","
CS,CXB,Comlux Aruba,,"""CS""=>""Comlux Aruba"","
CT,CYL,Alitalia CityLiner,Air One CityLiner,"""CT""=>""Alitalia CityLiner"","
CU,CUB,Cubana De Aviacion,Cubana,"""CU""=>""Cubana De Aviacion"","
CV,CLX,Cargolux,,"""CV""=>""Cargolux"","
CX,CPA,Cathay Pacific,,"""CX""=>""Cathay Pacific"","
CY,CYP,Charlie Airlines,,"""CY""=>""Charlie Airlines"","
CZ,CSN,China Southern Airlines,,"""CZ""=>""China Southern Airlines"","
D0,DHK,DHL Air UK,,"""D0""=>""DHL Air UK"","
D2,SSF,Severstal Air Company,,"""D2""=>""Severstal Air Company"","
D3,DAO,Daallo Airlines,Daallo Airlin,"""D3""=>""Daallo Airlines"","
D4,LID,DART Ltd,,"""D4""=>""DART Ltd"","
D6,INL,Interair,,"""D6""=>""Interair"","
D7,XAX,AirAsia X,,"""D7""=>""AirAsia X"","
D8,IBK,Norwegian Air International,,"""D8""=>""Norwegian Air International"","
D9,DNV,Donavia,,"""D9""=>""Donavia"","
DA,GEO,Air Georgia,Air Georgia,"""DA""=>""Air Georgia"","
DB,BZH,HOP Brit Air,,"""DB""=>""HOP Brit Air"","
DC,BRX,Braathens Regional,,"""DC""=>""Braathens Regional"","
DD,,Nok Air,,"""DD""=>""Nok Air"","
DE,CFG,Condor,,"""DE""=>""Condor"","
DF,CIB,Condor Berlin,,"""DF""=>""Condor Berlin"","
DG,SRQ,Cebgo,,"""DG""=>""Cebgo"","
DH,DTS,Douniah Airlines,,"""DH""=>""Douniah Airlines"","
DI,NRS,Norwegian Air UK,,"""DI""=>""Norwegian Air UK"","
DJ,WAJ,AirAsia Japan,,"""DJ""=>""AirAsia Japan"","
DK,VKG,Thomas Cook Airlines,Eastland Air,"""DK""=>""Thomas Cook Airlines"","
DL,DAL,Delta Air Lines,,"""DL""=>""Delta Air Lines"","
DM,DEX,Asian Air,Sterling Blue,"""DM""=>""Asian Air"","
DN,NAA,Norwegian Air Argentina,,"""DN""=>""Norwegian Air Argentina"","
DO,,Discovery Airways,Air Vallee,"""DO""=>""Discovery Airways"","
DP,,Pobeda,,"""DP""=>""Pobeda"","
DQ,DCP,Delta Connection,Coastal Air,"""DQ""=>""Delta Connection"","
DR,,Ruili Airlines,Air Link,"""DR""=>""Ruili Airlines"","
DS,EZS,easyJet Switzerland,,"""DS""=>""easyJet Switzerland"","
DT,DTA,Taag,,"""DT""=>""Taag"","
DU,NLH,Norwegian Long Haul,,"""DU""=>""Norwegian Long Haul"","
DV,VSV,SCAT Airlines,,"""DV""=>""SCAT Airlines"","
DW,GDE,Great Dane Airlines,,"""DW""=>""Great Dane Airlines"","
DX,DTR,Danish Air Transport,,"""DX""=>""Danish Air Transport"","
DY,NAX,Norwegian Air Shuttle (NAS),,"""DY""=>""Norwegian Air Shuttle (NAS)"","
DZ,,Donghai Airlines,,"""DZ""=>""Donghai Airlines"","
E2,EWE,Eurowings Europe,,"""E2""=>""Eurowings Europe"","
E3,VGO,New Gen Airways,Sabaidee Airways,"""E3""=>""New Gen Airways"","
E4,ENT,Enter Air,,"""E4""=>""Enter Air"","
E5,RBG,Air Arabia Egypt,,"""E5""=>""Air Arabia Egypt"","
E6,,Bringer Air Cargo,,"""E6""=>""Bringer Air Cargo"","
E7,,Equaflight Service,Fly European,"""E7""=>""Equaflight Service"","
E8,GTA,City Airways,,"""E8""=>""City Airways"","
E9,EVE,Evelop Airlines,,"""E9""=>""Evelop Airlines"","
EB,PLM,Wamos Air,Pullmantur Air,"""EB""=>""Wamos Air"","
EC,BOS,OpenSkies,,"""EC""=>""OpenSkies"","
ED,AXE,Air Explore,Airblue,"""ED""=>""Air Explore"","
EE,EST,Nordica,,"""EE""=>""Nordica"","
EF,,Fly CamInter,,"""EF""=>""Fly CamInter"","
EG,ETJ,East Air,Japan Asia,"""EG""=>""East Air"","
EH,AKX,ANA Wings,,"""EH""=>""ANA Wings"","
EI,EIN,Aer Lingus,,"""EI""=>""Aer Lingus"","
EJ,NEA,New England Airlines,New Englan,"""EJ""=>""New England Airlines"","
EK,UAE,Emirates,,"""EK""=>""Emirates"","
EL,ELB,Ellinair,,"""EL""=>""Ellinair"","
EM,,Aero Benin,,"""EM""=>""Aero Benin"","
EN,DLA,Air Dolomiti,Air Dolomiti,"""EN""=>""Air Dolomiti"","
EO,AGY,Air Go Egypt,,"""EO""=>""Air Go Egypt"","
EP,IRC,Iran Aseman Airlines,,"""EP""=>""Iran Aseman Airlines"","
EQ,TAE,TAME,TAME EP Línea Aérea del Ecuador,"""EQ""=>""TAME"","
ER,SEP,SereneAir,,"""ER""=>""SereneAir"","
ES,DHX,DHL International Aviation ME,,"""ES""=>""DHL International Aviation ME"","
ET,ETH,Ethiopian Airlines,,"""ET""=>""Ethiopian Airlines"","
EU,,Chengdu Airlines,Ecuatoriana,"""EU""=>""Chengdu Airlines"","
EV,ASQ,ExpressJet Airlines,,"""EV""=>""ExpressJet Airlines"","
EW,EWG,Eurowings,,"""EW""=>""Eurowings"","
EY,ETD,Etihad Airways,,"""EY""=>""Etihad Airways"","
EZ,SUS,Sun Air of Scandinavia,,"""EZ""=>""Sun Air of Scandinavia"","
F1,,Farelogix,,"""F1""=>""Farelogix"","
F2,XLK,Safarilink Aviation,,"""F2""=>""Safarilink Aviation"","
F3,FAD,Flyadeal,,"""F3""=>""Flyadeal"","
F4,WAF,Air Flamenco,Air Flamenco,"""F4""=>""Air Flamenco"","
F7,DWT,Etihad Regional,Darwin Airline,"""F7""=>""Etihad Regional"","
F8,FLE,Flair Airlines,,"""F8""=>""Flair Airlines"","
F9,FTT,Frontier Airlines,,"""F9""=>""Frontier Airlines"","
FA,SFR,Safair,,"""FA""=>""Safair"","
FB,LZB,Bulgaria Air,Balkan Air To,"""FB""=>""Bulgaria Air"","
FC,,Fly Corporate,,"""FC""=>""Fly Corporate"","
FD,AIQ,Thai AirAsia,,"""FD""=>""Thai AirAsia"","
FE,FEA,Far Eastern Air Transport,,"""FE""=>""Far Eastern Air Transport"","
FG,AFG,Ariana Afghan Airlines,Ariana,"""FG""=>""Ariana Afghan Airlines"","
FH,FHY,Freebird Airlines,Futura Intl,"""FH""=>""Freebird Airlines"","
FI,ICE,Icelandair,,"""FI""=>""Icelandair"","
FJ,FJI,Fiji Airways,Fiji Airways,"""FJ""=>""Fiji Airways"","
FK,KFA,Kelowna Flightcraft Air Charter,,"""FK""=>""Kelowna Flightcraft Air Charter"","
FL,TRS,Airtran Airways,,"""FL""=>""Airtran Airways"","
FM,CSH,Shanghai Airlines,,"""FM""=>""Shanghai Airlines"","
FN,FTZ,Fastjet,,"""FN""=>""Fastjet"","
FO,FXX,Felix Airways,,"""FO""=>""Felix Airways"","
FP,,Pelican Airlines,,"""FP""=>""Pelican Airlines"","
FR,RYR,Ryanair,,"""FR""=>""Ryanair"","
FT,FEG,FlyEgypt,,"""FT""=>""FlyEgypt"","
FU,FZA,Fuzhou Airlines,,"""FU""=>""Fuzhou Airlines"","
FV,SDM,Rossiya,,"""FV""=>""Rossiya"","
FW,IBX,Ibex Airlines,,"""FW""=>""Ibex Airlines"","
FX,FXA,Fedex,Express Air,"""FX""=>""Fedex"","
FY,FFM,Flyfirefly,,"""FY""=>""Flyfirefly"","
FZ,FDB,flydubai,Dubai Aviation Corporation,"""FZ""=>""flydubai"","
G2,,Galeyr Airline,,"""G2""=>""Galeyr Airline"","
G3,GLO,Gol Transportes Aéreos,,"""G3""=>""Gol Transportes Aéreos"","
G4,AAY,Allegiant Air,,"""G4""=>""Allegiant Air"","
G5,HXA,China Express Airlines,,"""G5""=>""China Express Airlines"","
G6,DNM,Denim Air,,"""G6""=>""Denim Air"","
G7,GJS,GoJet Airlines,,"""G7""=>""GoJet Airlines"","
G8,GOW,GoAir,,"""G8""=>""GoAir"","
G9,ABY,Air Arabia,,"""G9""=>""Air Arabia"","
GA,GIA,Garuda Indonesia,,"""GA""=>""Garuda Indonesia"","
GB,ABX,ABX Air,,"""GB""=>""ABX Air"","
GC,,Global Feeder Services,,"""GC""=>""Global Feeder Services"","
GE,TNA,TransAsia Airways,,"""GE""=>""TransAsia Airways"","
GF,GFA,Gulf Air,,"""GF""=>""Gulf Air"","
GG,KYE,Sky Lease Cargo,,"""GG""=>""Sky Lease Cargo"","
GH,GHA,Globus,Ghana Air,"""GH""=>""Globus"","
GI,IKA,Itek Air,,"""GI""=>""Itek Air"","
GJ,CDC,Zhejiang Loong Airlines,Eurofly,"""GJ""=>""Zhejiang Loong Airlines"","
GK,,Jetstar Japan,,"""GK""=>""Jetstar Japan"","
GL,GRL,Air Greenland,,"""GL""=>""Air Greenland"","
GM,GSW,Germania Flug,,"""GM""=>""Germania Flug"","
GO,GOE,Go,,"""GO""=>""Go"","
GP,RIV,APG Airlines,,"""GP""=>""APG Airlines"","
GQ,SEH,Sky Express,,"""GQ""=>""Sky Express"","
GR,AUR,Aurigny Air Services,,"""GR""=>""Aurigny Air Services"","
GS,GCR,Tianjin Airlines,,"""GS""=>""Tianjin Airlines"","
GT,CGH,Air Guilin,,"""GT""=>""Air Guilin"","
GU,GUG,Aviateca,,"""GU""=>""Aviateca"","
GV,SWV,Grant Aviation,,"""GV""=>""Grant Aviation"","
GW,SKG,SkyGreece Airlines,,"""GW""=>""SkyGreece Airlines"","
GX,,Guangxi Beibu Gulf Airlines,,"""GX""=>""Guangxi Beibu Gulf Airlines"","
GY,,Colorful Guizhou Airlines,,"""GY""=>""Colorful Guizhou Airlines"","
GZ,,Air Rarotonga,,"""GZ""=>""Air Rarotonga"","
H1,,Hahn Air Systems,,"""H1""=>""Hahn Air Systems"","
H2,SKU,Sky Airline,,"""H2""=>""Sky Airline"","
H3,HES,Harbour Air,,"""H3""=>""Harbour Air"","
H4,AEH,Aero4M,,"""H4""=>""Aero4M"","
H6,BUC,Bulgarian Air Charter,,"""H6""=>""Bulgarian Air Charter"","
H7,EGU,Eagle Air,,"""H7""=>""Eagle Air"","
H8,,Chilejet,,"""H8""=>""Chilejet"","
H9,HIM,Himalaya Airlines,,"""H9""=>""Himalaya Airlines"","
HA,HAL,Hawaiian Airlines,,"""HA""=>""Hawaiian Airlines"","
HB,AAQ,Asia Atlantic Airlines,,"""HB""=>""Asia Atlantic Airlines"","
HC,SZN,Air Senegal,,"""HC""=>""Air Senegal"","
HD,ADO,Air Do,Hokkaido International Airlines,"""HD""=>""Air Do"","
HE,,LGW Luftfahrtges Walter,,"""HE""=>""LGW Luftfahrtges Walter"","
HF,,Air Cote D Ivoire,Aircoteivoire,"""HF""=>""Air Cote D Ivoire"","
HH,TBM,Taban Airlines,,"""HH""=>""Taban Airlines"","
HI,,Papillon Airways,Papillonair,"""HI""=>""Papillon Airways"","
HJ,HEJ,Hellas Jet,Hellenic Star,"""HJ""=>""Hellas Jet"","
HK,,Skippers Aviation,,"""HK""=>""Skippers Aviation"","
HM,SEY,Air Seychelles,,"""HM""=>""Air Seychelles"","
HN,,Afghan Jet International,,"""HN""=>""Afghan Jet International"","
HO,DKH,Juneyao Airlines,,"""HO""=>""Juneyao Airlines"","
HP,APF,Amapola Flyg,,"""HP""=>""Amapola Flyg"","
HQ,TCW,Thomas Cook Airlines Belgium,Harmony Air,"""HQ""=>""Thomas Cook Airlines Belgium"","
HR,HHN,Hahn Air,,"""HR""=>""Hahn Air"","
HS,HLI,Heli Sécurité,,"""HS""=>""Heli Sécurité"","
HU,CHH,Hainan Airlines,,"""HU""=>""Hainan Airlines"","
HV,TRA,Transavia Airlines,,"""HV""=>""Transavia Airlines"","
HW,,North Wright Air,North Wright,"""HW""=>""North Wright Air"","
HX,CRK,Hong Kong Airlines,,"""HX""=>""Hong Kong Airlines"","
HY,UZB,Uzbekistan Airways,,"""HY""=>""Uzbekistan Airways"","
HZ,SHU,Aurora Airlines,SAT Airlines,"""HZ""=>""Aurora Airlines"","
I1,,CTS Viaggi,,"""I1""=>""CTS Viaggi"","
I2,IBS,Iberia Express,,"""I2""=>""Iberia Express"","
I3,TBZ,ATA Airlines,,"""I3""=>""ATA Airlines"","
I4,,Scott Air,,"""I4""=>""Scott Air"","
I5,,AirAsia India,,"""I5""=>""AirAsia India"","
I6,MPK,Air Indus,,"""I6""=>""Air Indus"","
I7,IIA,Int'Air Îles,Int'Air Iles,"""I7""=>""Int'Air Îles"","
I8,IZA,Izhavia,Aboriginalair,"""I8""=>""Izhavia"","
IA,IAW,Iraqi Airways,,"""IA""=>""Iraqi Airways"","
IB,IBE,Iberia,,"""IB""=>""Iberia"","
IC,,Nacil Indian Airline,,"""IC""=>""Nacil Indian Airline"","
ID,BTK,Batik Air,,"""ID""=>""Batik Air"","
IE,SOL,Solomon Airlines,Solomon Air,"""IE""=>""Solomon Airlines"","
IF,FBA,FlyBaghdad,,"""IF""=>""FlyBaghdad"","
IG,ISS,Air Italy,,"""IG""=>""Air Italy"","
IH,MZA,Jsc Irtysh Air,Falcon Air,"""IH""=>""Jsc Irtysh Air"","
II,CSQ,IBC Airways,,"""II""=>""IBC Airways"","
IJ,,Spring Airlines Japan,,"""IJ""=>""Spring Airlines Japan"","
IK,AKL,Air Kiribati,,"""IK""=>""Air Kiribati"","
IL,,Trigana Air Service,Istanbul Air,"""IL""=>""Trigana Air Service"","
IM,,Mint Líneas Aéreas,Intensive Air,"""IM""=>""Mint Líneas Aéreas"","
IN,NIH,NAM Air,,"""IN""=>""NAM Air"","
IO,IAE,IrAero,,"""IO""=>""IrAero"","
IP,IWD,Iberworld Airlines,Atyrauauejoly,"""IP""=>""Iberworld Airlines"","
IQ,,Qazaq Air,,"""IQ""=>""Qazaq Air"","
IR,IRA,Iran Air,,"""IR""=>""Iran Air"","
IS,PNX,AIS Airlines,,"""IS""=>""AIS Airlines"","
IT,TTW,Tigerair Taiwan,,"""IT""=>""Tigerair Taiwan"","
IU,ASN,Hevilift,Air Straubing,"""IU""=>""Hevilift"","
IV,,Air Djibouti,,"""IV""=>""Air Djibouti"","
IW,WON,Wings Air,,"""IW""=>""Wings Air"","
IX,AXB,Air India Express,,"""IX""=>""Air India Express"","
IY,IYE,Yemen Airways,,"""IY""=>""Yemen Airways"","
IZ,AIZ,Arkia,Arkia Israeli,"""IZ""=>""Arkia"","
J0,,Jetlink Express,,"""J0""=>""Jetlink Express"","
J1,,OntJet,,"""J1""=>""OntJet"","
J2,AHY,Azerbaijan Airlines,,"""J2""=>""Azerbaijan Airlines"","
J3,PLR,Northwestern Air Lease,Nw Air Lease,"""J3""=>""Northwestern Air Lease"","
J4,BDR,Badr Airlines,,"""J4""=>""Badr Airlines"","
J5,,Alaska Seaplane Service,Stock Sochi,"""J5""=>""Alaska Seaplane Service"","
J6,OPS,Jet-Ops,Seawings,"""J6""=>""Jet-Ops"","
J7,ABS,Afrijet Business Service,,"""J7""=>""Afrijet Business Service"","
J8,BVT,Berjaya Air,,"""J8""=>""Berjaya Air"","
J9,,Jazeera Airways,,"""J9""=>""Jazeera Airways"","
JA,,Jetsmart,,"""JA""=>""Jetsmart"","
JB,JBA,Helijet International,Helijet,"""JB""=>""Helijet International"","
JC,JAC,Japan Air Commuter,,"""JC""=>""Japan Air Commuter"","
JD,CBJ,Beijing Capital Airlines,,"""JD""=>""Beijing Capital Airlines"","
JE,MNO,Mango,,"""JE""=>""Mango"","
JF,JAA,Jet Asia Airways,,"""JF""=>""Jet Asia Airways"","
JG,,Jetgo Australia,,"""JG""=>""Jetgo Australia"","
JH,FDA,Fuji Dream Airlines,Nordeste,"""JH""=>""Fuji Dream Airlines"","
JI,,Eastern Caribbean Airlines,,"""JI""=>""Eastern Caribbean Airlines"","
JJ,TAM,LATAM Brasil,,"""JJ""=>""LATAM Brasil"","
JL,JAL,Japan Airlines,JAL,"""JL""=>""Japan Airlines"","
JM,KQA,Jambojet,,"""JM""=>""Jambojet"","
JO,JTG,Jet Time,Jalways,"""JO""=>""Jet Time"","
JQ,JST,Jetstar,Jetstar Airways,"""JQ""=>""Jetstar"","
JR,JOY,Joy Air,,"""JR""=>""Joy Air"","
JS,KOR,Air Koryo,Kor Air Dpr,"""JS""=>""Air Koryo"","
JT,LNI,Lion Air,,"""JT""=>""Lion Air"","
JU,ASL,Air Serbia,,"""JU""=>""Air Serbia"","
JV,BLS,Bearskin Airlines,,"""JV""=>""Bearskin Airlines"","
JW,VNL,Vanilla Air,,"""JW""=>""Vanilla Air"","
JX,,DAC East Africa,,"""JX""=>""DAC East Africa"","
JY,IWY,InterCaribbean Airways,Air Turcks,"""JY""=>""InterCaribbean Airways"","
K3,,Taquan Air Services,,"""K3""=>""Taquan Air Services"","
K4,,ALS,,"""K4""=>""ALS"","
K5,SQH,SeaPort,,"""K5""=>""SeaPort"","
K6,KHV,Cambodia Angkor Air,,"""K6""=>""Cambodia Angkor Air"","
K7,KBZ,Air KBZ,,"""K7""=>""Air KBZ"","
K8,KND,Kan Air,,"""K8""=>""Kan Air"","
K9,KFS,Kalitta Charters,,"""K9""=>""Kalitta Charters"","
KA,HDA,Cathay Dragon,,"""KA""=>""Cathay Dragon"","
KB,DRK,Druk Air,,"""KB""=>""Druk Air"","
KC,KZR,Air Astana,,"""KC""=>""Air Astana"","
KD,WGN,Western Global Airlines,,"""KD""=>""Western Global Airlines"","
KE,KAL,Korean Air,,"""KE""=>""Korean Air"","
KF,ABB,Air Belgium,,"""KF""=>""Air Belgium"","
KG,GTV,Aerogaviota,King Island,"""KG""=>""Aerogaviota"","
KH,AAH,Aloha Air Cargo,,"""KH""=>""Aloha Air Cargo"","
KI,,KrasAvia,,"""KI""=>""KrasAvia"","
KJ,IAH,Air Incheon,,"""KJ""=>""Air Incheon"","
KK,KKK,AtlasGlobal,,"""KK""=>""AtlasGlobal"","
KL,KLM,KLM,KLM Royal Dutch Airlines,"""KL""=>""KLM"","
KM,AMC,Air Malta,,"""KM""=>""Air Malta"","
KN,CUA,China United Airlines,,"""KN""=>""China United Airlines"","
KO,KMA,Komiaviatrans,,"""KO""=>""Komiaviatrans"","
KP,SKK,ASKY Airlines,,"""KP""=>""ASKY Airlines"","
KQ,KQA,Kenya Airways,,"""KQ""=>""Kenya Airways"","
KR,EAA,Air Bishkek,,"""KR""=>""Air Bishkek"","
KS,PEN,Penair,Pen Air,"""KS""=>""Penair"","
KT,,Fly Kiss,,"""KT""=>""Fly Kiss"","
KU,KAC,Kuwait Airways,,"""KU""=>""Kuwait Airways"","
KV,SKV,Sky Regional Airlines,,"""KV""=>""Sky Regional Airlines"","
KW,,Kharkiv Airlines,,"""KW""=>""Kharkiv Airlines"","
KX,CAY,Cayman Airways,,"""KX""=>""Cayman Airways"","
KY,KNA,Kunming Airlines,,"""KY""=>""Kunming Airlines"","
KZ,NCA,Nippon Cargo Airlines,,"""KZ""=>""Nippon Cargo Airlines"","
L1,,E Savtravel,,"""L1""=>""E Savtravel"","
L3,,Lynx Aviation,Ltu Billa Luf,"""L3""=>""Lynx Aviation"","
L4,,Air Service Liege (ASL),,"""L4""=>""Air Service Liege (ASL)"","
L5,TLB,Atlantique Air Assistance,,"""L5""=>""Atlantique Air Assistance"","
L6,,Mauritanian Airlines Int,,"""L6""=>""Mauritanian Airlines Int"","
L7,LHS,Lugansk Airlines,,"""L7""=>""Lugansk Airlines"","
L8,,Afric Aviation,,"""L8""=>""Afric Aviation"","
L9,BAL,Belle Air Europe,,"""L9""=>""Belle Air Europe"","
LA,LAN,LATAM Chile,,"""LA""=>""LATAM Chile"","
LB,,Air Costa,,"""LB""=>""Air Costa"","
LC,PTI,ECAir,,"""LC""=>""ECAir"","
LF,VTE,Corporate Flight Management,,"""LF""=>""Corporate Flight Management"","
LG,LGL,Luxair,Luxair,"""LG""=>""Luxair"","
LH,GEC,Lufthansa Cargo,,"""LH""=>""Lufthansa Cargo"","
LI,LIA,LIAT,,"""LI""=>""LIAT"","
LJ,JNA,Jin Air,,"""LJ""=>""Jin Air"","
LK,LLL,Lao Skyway,,"""LK""=>""Lao Skyway"","
LL,BSK,Miami Air International,,"""LL""=>""Miami Air International"","
LM,,Loganair,Livingston,"""LM""=>""Loganair"","
LN,LAA,Libyan Airlines,,"""LN""=>""Libyan Airlines"","
LO,LOT,LOT Polish Airlines,,"""LO""=>""LOT Polish Airlines"","
LP,LPE,LATAM Perú,,"""LP""=>""LATAM Perú"","
LQ,MKR,Lanmei Airlines,,"""LQ""=>""Lanmei Airlines"","
LR,LRC,Avianca Costa Rica,,"""LR""=>""Avianca Costa Rica"","
LS,EXS,Jet2.com,,"""LS""=>""Jet2.com"","
LT,SNG,Longjiang Airlines,,"""LT""=>""Longjiang Airlines"","
LU,LXP,LAN Express,,"""LU""=>""LAN Express"","
LV,,Level,,"""LV""=>""Level"","
LW,ANV,Pacific Wings,Air Nevada,"""LW""=>""Pacific Wings"","
LX,SWR,Swiss International Air Lines,Swiss,"""LX""=>""Swiss International Air Lines"","
LY,ELY,El Al,El Al Israel Airlines,"""LY""=>""El Al"","
LZ,SWU,Swiss Global Air Lines,,"""LZ""=>""Swiss Global Air Lines"","
M0,MNG,Aero Mongolia,,"""M0""=>""Aero Mongolia"","
M2,,MHS Aviation,,"""M2""=>""MHS Aviation"","
M3,NFA,Air Norway,,"""M3""=>""Air Norway"","
M4,MSA,Mistral Air,,"""M4""=>""Mistral Air"","
M5,KEN,Kenmore Air,,"""M5""=>""Kenmore Air"","
M6,AJT,Amerijet International,,"""M6""=>""Amerijet International"","
M8,MSJ,SKYJET Airlines,,"""M8""=>""SKYJET Airlines"","
M9,,Motor Sich Jsc,Motor Sich,"""M9""=>""Motor Sich Jsc"","
MB,MNB,Mng Airlines Cargo,,"""MB""=>""Mng Airlines Cargo"","
MC,,Air Mobility Command,,"""MC""=>""Air Mobility Command"","
MD,MDG,Air Madagascar,,"""MD""=>""Air Madagascar"","
ME,MEA,Middle East Airlines,,"""ME""=>""Middle East Airlines"","
MF,CXA,XiamenAir,,"""MF""=>""XiamenAir"","
MG,MGD,Miami Air Lease,,"""MG""=>""Miami Air Lease"","
MH,MAS,Malaysia Airlines,,"""MH""=>""Malaysia Airlines"","
MI,SLK,SilkAir,,"""MI""=>""SilkAir"","
MJ,MLR,Mihin Lanka,,"""MJ""=>""Mihin Lanka"","
MK,MAU,Air Mauritius,,"""MK""=>""Air Mauritius"","
MM,APJ,Peach Aviation,Medellin,"""MM""=>""Peach Aviation"","
MN,CAW,Comair,,"""MN""=>""Comair"","
MO,CAV,Calm Air International,,"""MO""=>""Calm Air International"","
MP,MPH,Martinair,,"""MP""=>""Martinair"","
MQ,ENY,Envoy Air,,"""MQ""=>""Envoy Air"","
MR,MML,Hunnu Air,Mongolian Air,"""MR""=>""Hunnu Air"","
MS,MSR,EgyptAir,,"""MS""=>""EgyptAir"","
MT,TCX,Thomas Cook Airlines,,"""MT""=>""Thomas Cook Airlines"","
MU,CES,China Eastern Airlines,,"""MU""=>""China Eastern Airlines"","
MW,MKL,Mokulele Airlines,,"""MW""=>""Mokulele Airlines"","
MY,MWG,MASwings,,"""MY""=>""MASwings"","
MZ,AHX,Amakusa Airlines,,"""MZ""=>""Amakusa Airlines"","
N2,,Dagestan Airlines,,"""N2""=>""Dagestan Airlines"","
N3,,Aerolineas Mas,Omskavia,"""N3""=>""Aerolineas Mas"","
N4,NWS,Nord Wind,,"""N4""=>""Nord Wind"","
N5,NRL,Nolinor Aviation,,"""N5""=>""Nolinor Aviation"","
N6,,Nomad Aviation,Aerocontinent,"""N6""=>""Nomad Aviation"","
N7,WBA,Nordic Regional Airlines,Norra,"""N7""=>""Nordic Regional Airlines"","
N8,MUA,National Airlines,,"""N8""=>""National Airlines"","
N9,NVR,Novair,,"""N9""=>""Novair"","
NA,,Nesma Airlines,,"""NA""=>""Nesma Airlines"","
NB,EAN,Skypower Express Airways,,"""NB""=>""Skypower Express Airways"","
NC,JTE,Cobham Aviation Services Australia,,"""NC""=>""Cobham Aviation Services Australia"","
ND,FMI,FMI Air,,"""ND""=>""FMI Air"","
NE,NMA,Nesma Airlines,,"""NE""=>""Nesma Airlines"","
NF,AVN,Air Vanuatu,,"""NF""=>""Air Vanuatu"","
NH,ANA,All Nippon Airways,ANA,"""NH""=>""All Nippon Airways"","
NI,PGA,Portugalia,Portugália–Companhia Portuguesa de Transportes Aéreos,"""NI""=>""Portugalia"","
NJ,,Niger Airways,,"""NJ""=>""Niger Airways"","
NK,NKS,Spirit Airlines,,"""NK""=>""Spirit Airlines"","
NL,SAI,Shaheen Air,,"""NL""=>""Shaheen Air"","
NM,,Manx,,"""NM""=>""Manx"","
NN,MOV,Vim Airlines,,"""NN""=>""Vim Airlines"","
NO,NOS,Neos,,"""NO""=>""Neos"","
NP,NIA,Nile Air,Nile Air,"""NP""=>""Nile Air"","
NQ,AJX,Air Japan,,"""NQ""=>""Air Japan"","
NR,MAV,Manta Air,,"""NR""=>""Manta Air"","
NS,,Hebei Airlines,Caucasus Air,"""NS""=>""Hebei Airlines"","
NT,IBB,Binter Canarias,,"""NT""=>""Binter Canarias"","
NU,JTA,Japan Transocean Air,Japan Transoc,"""NU""=>""Japan Transocean Air"","
NV,IRG,Iranian Naft Airline,,"""NV""=>""Iranian Naft Airline"","
NW,,Northwest Airlines,Nwest Airlines,"""NW""=>""Northwest Airlines"","
NX,AMU,Air Macau,,"""NX""=>""Air Macau"","
NY,FXI,Air Iceland,,"""NY""=>""Air Iceland"","
NZ,ANZ,Air New Zealand,,"""NZ""=>""Air New Zealand"","
O2,,Jet Air,Jet Air,"""O2""=>""Jet Air"","
O4,,Antrak Air,,"""O4""=>""Antrak Air"","
O5,KMZ,Comores Aviation International,,"""O5""=>""Comores Aviation International"","
O7,,Orenburg Region Airlines,,"""O7""=>""Orenburg Region Airlines"","
O9,NOV,Nova Airways,,"""O9""=>""Nova Airways"","
OA,OAL,Olympic Air,,"""OA""=>""Olympic Air"","
OB,BOV,Boliviana de Aviación (BoA),,"""OB""=>""Boliviana de Aviación (BoA)"","
OC,NGK,Oriental Air Bridge,Omni Aviacao,"""OC""=>""Oriental Air Bridge"","
OD,,Malindo Airways,,"""OD""=>""Malindo Airways"","
OE,LDM,Lauda,,"""OE""=>""Lauda"","
OF,OLA,Overland Airways,,"""OF""=>""Overland Airways"","
OG,AFN,Air Freight NZ,,"""OG""=>""Air Freight NZ"","
OH,JIA,PSA Airlines,,"""OH""=>""PSA Airlines"","
OI,HND,Hinterland Aviation,Italiatour,"""OI""=>""Hinterland Aviation"","
OJ,FJM,Fly Jamaica Airways,,"""OJ""=>""Fly Jamaica Airways"","
OK,CSA,Czech Airlines,,"""OK""=>""Czech Airlines"","
OL,PAO,Polynesian Airlines,,"""OL""=>""Polynesian Airlines"","
OM,MGL,Miat Mongolian Airlines,,"""OM""=>""Miat Mongolian Airlines"","
ON,RON,Nauru Airlines,Our Airline,"""ON""=>""Nauru Airlines"","
OO,SKW,SkyWest Airlines,,"""OO""=>""SkyWest Airlines"","
OP,PPL,Air Pegasus,,"""OP""=>""Air Pegasus"","
OQ,,Chongqing Airlines,,"""OQ""=>""Chongqing Airlines"","
OR,TFL,TUI Airlines Netherlands,,"""OR""=>""TUI Airlines Netherlands"","
OS,AUA,Austrian Airlines,,"""OS""=>""Austrian Airlines"","
OU,CTN,Croatia Airlines,,"""OU""=>""Croatia Airlines"","
OW,SEW,Skyward Express,,"""OW""=>""Skyward Express"","
OX,OEA,Orient Thai Airlines,,"""OX""=>""Orient Thai Airlines"","
OY,ANS,Andes Líneas Aéreas,,"""OY""=>""Andes Líneas Aéreas"","
OZ,AAR,Asiana Airlines,,"""OZ""=>""Asiana Airlines"","
P0,PFZ,Proflight Commuter,Proflight,"""P0""=>""Proflight Commuter"","
P1,,Publiccharters Com,Publiccharter,"""P1""=>""Publiccharters Com"","
P2,XAK,Airkenya Express,,"""P2""=>""Airkenya Express"","
P3,CLU,CargoLogicAir,,"""P3""=>""CargoLogicAir"","
P4,,Aerolineas Sosa,,"""P4""=>""Aerolineas Sosa"","
P5,RPB,Copa Airlines Colombia,AeroRepública,"""P5""=>""Copa Airlines Colombia"","
P6,PSC,Pascan Aviation,,"""P6""=>""Pascan Aviation"","
P8,SRN,SprintAir,,"""P8""=>""SprintAir"","
P9,PVN,Peruvian Airlines,,"""P9""=>""Peruvian Airlines"","
PA,ABQ,Airblue,Florida Coast,"""PA""=>""Airblue"","
PB,SPR,Provincial Airlines,Provincial,"""PB""=>""Provincial Airlines"","
PC,PGT,Pegasus Airlines,,"""PC""=>""Pegasus Airlines"","
PD,POE,Porter Airlines,,"""PD""=>""Porter Airlines"","
PE,PEV,Peoples Viennaline,,"""PE""=>""Peoples Viennaline"","
PF,PRI,Primera Air Scandinavia,,"""PF""=>""Primera Air Scandinavia"","
PG,BKP,Bangkok Airways,,"""PG""=>""Bangkok Airways"","
PH,,Transavia Denmark,Polynesian,"""PH""=>""Transavia Denmark"","
PI,RKA,Polar Airlines,,"""PI""=>""Polar Airlines"","
PJ,,Air Saint Pierre,,"""PJ""=>""Air Saint Pierre"","
PK,PIA,Pakistan International Airlines (PIA),,"""PK""=>""Pakistan International Airlines (PIA)"","
PL,,Southern Air Charter,,"""PL""=>""Southern Air Charter"","
PM,CNF,Canaryfly,,"""PM""=>""Canaryfly"","
PN,,China West Air,Pan Am,"""PN""=>""China West Air"","
PO,PAC,Polar Air Cargo,,"""PO""=>""Polar Air Cargo"","
PP,PJS,Jet Aviation Business,,"""PP""=>""Jet Aviation Business"","
PQ,APG,AirAsia Philippines,,"""PQ""=>""AirAsia Philippines"","
PR,PAL,Philippine Airlines,,"""PR""=>""Philippine Airlines"","
PS,AUI,Ukraine International Airlines,,"""PS""=>""Ukraine International Airlines"","
PT,PDT,Piedmont Airlines,,"""PT""=>""Piedmont Airlines"","
PU,,Plus Ultra Líneas Aéreas,,"""PU""=>""Plus Ultra Líneas Aéreas"","
PV,SBU,Saint Barth Commuter,Pauknair,"""PV""=>""Saint Barth Commuter"","
PW,PRF,Precision Air,,"""PW""=>""Precision Air"","
PX,ANG,Air Niugini,,"""PX""=>""Air Niugini"","
PY,SLM,Surinam Airways,Surinam Air,"""PY""=>""Surinam Airways"","
PZ,LAP,LATAM Paraguay,,"""PZ""=>""LATAM Paraguay"","
Q0,,Quebecair Express,,"""Q0""=>""Quebecair Express"","
Q1,,Sqiva Sistem,,"""Q1""=>""Sqiva Sistem"","
Q2,DQA,Maldivian,,"""Q2""=>""Maldivian"","
Q3,AAS,Anguilla Air Services,,"""Q3""=>""Anguilla Air Services"","
Q4,,Aviation Starlink,Swazi Express,"""Q4""=>""Aviation Starlink"","
Q5,MLA,Forty Mile Air,,"""Q5""=>""Forty Mile Air"","
Q6,SKP,Skytrans Regional,Mineralnye Vo,"""Q6""=>""Skytrans Regional"","
Q7,SBM,Sky Bahamas Airlines,,"""Q7""=>""Sky Bahamas Airlines"","
Q8,TSG,Trans Air Congo,,"""Q8""=>""Trans Air Congo"","
Q9,,Airliaison,Afrinat Intl,"""Q9""=>""Airliaison"","
QA,CIM,Cimber,,"""QA""=>""Cimber"","
QB,IRQ,Qeshm Air,Sky Georgia,"""QB""=>""Qeshm Air"","
QC,CRC,Camair-Co,,"""QC""=>""Camair-Co"","
QD,DOB,Dobrolet Airlines,,"""QD""=>""Dobrolet Airlines"","
QE,QFZ,Fars Qeshm Airlines,Crossair Eur,"""QE""=>""Fars Qeshm Airlines"","
QF,QFA,Qantas,,"""QF""=>""Qantas"","
QG,CTV,Citilink Indonesia,Prima Air,"""QG""=>""Citilink Indonesia"","
QH,LYN,Air Kyrgyzstan,,"""QH""=>""Air Kyrgyzstan"","
QJ,LTP,Latpass Airlines,,"""QJ""=>""Latpass Airlines"","
QK,JZA,Jazz Aviation,Jazz Air,"""QK""=>""Jazz Aviation"","
QL,LER,Linea Aerea De Servicio,,"""QL""=>""Linea Aerea De Servicio"","
QM,,Monacair,,"""QM""=>""Monacair"","
QO,,Quantum Air,,"""QO""=>""Quantum Air"","
QP,,Air Kenya Aviation,Airkenya Avn,"""QP""=>""Air Kenya Aviation"","
QQ,FWQ,Alliance Airlines,,"""QQ""=>""Alliance Airlines"","
QR,QTR,Qatar Airways,,"""QR""=>""Qatar Airways"","
QS,TVS,Smartwings,Travel Service,"""QS""=>""Smartwings"","
QT,TPA,Tampa Cargo,Regional,"""QT""=>""Tampa Cargo"","
QU,UTN,UTair Ukraine,,"""QU""=>""UTair Ukraine"","
QV,LAO,Lao Airlines,,"""QV""=>""Lao Airlines"","
QW,,Qingdao Airlines,Qw BLUE Wings,"""QW""=>""Qingdao Airlines"","
QX,QXE,Horizon Air,,"""QX""=>""Horizon Air"","
QY,,European Air Transport,,"""QY""=>""European Air Transport"","
QZ,AWQ,Indonesia AirAsia,Awair,"""QZ""=>""Indonesia AirAsia"","
R0,,MS Royal Airlines,,"""R0""=>""MS Royal Airlines"","
R3,SYL,Yakutia Airlines,,"""R3""=>""Yakutia Airlines"","
R4,RLT,Real Tonga,,"""R4""=>""Real Tonga"","
R5,JAV,Jordan Aviation,,"""R5""=>""Jordan Aviation"","
R6,DNU,DOT LT,,"""R6""=>""DOT LT"","
R7,OCA,Aserca,Aserca,"""R7""=>""Aserca"","
R8,KGA,Kyrgyzstan Airlines,,"""R8""=>""Kyrgyzstan Airlines"","
R9,TSD,TAF Linhas Aereas,Air Charter,"""R9""=>""TAF Linhas Aereas"","
RA,RNA,Nepal Airlines,,"""RA""=>""Nepal Airlines"","
RB,SYR,Syrian Arab Airlines,,"""RB""=>""Syrian Arab Airlines"","
RC,FLI,Atlantic Airways,,"""RC""=>""Atlantic Airways"","
RE,STK,Stobart Air,Aer Arann,"""RE""=>""Stobart Air"","
RF,,Ord Air Charter,,"""RF""=>""Ord Air Charter"","
RG,RJD,Rotana Jet,,"""RG""=>""Rotana Jet"","
RH,,Robin Hood Aviation,,"""RH""=>""Robin Hood Aviation"","
RI,MDL,Air Costa Rica,,"""RI""=>""Air Costa Rica"","
RJ,RJA,Royal Jordanian,Ryljordania,"""RJ""=>""Royal Jordanian"","
RK,,Region Airline,,"""RK""=>""Region Airline"","
RL,ABG,Royal Flight,,"""RL""=>""Royal Flight"","
RM,NGT,Aircompany Armenia,,"""RM""=>""Aircompany Armenia"","
RN,RKT,Rayani Air,,"""RN""=>""Rayani Air"","
RO,ROT,TAROM,,"""RO""=>""TAROM"","
RP,CHQ,Chautauqua Airlines,,"""RP""=>""Chautauqua Airlines"","
RQ,KMF,Kam Air,,"""RQ""=>""Kam Air"","
RR,RFR,Royal Air Force,RAF NO,"""RR""=>""Royal Air Force"","
RS,ASV,Air Seoul,,"""RS""=>""Air Seoul"","
RT,RAT,Rainbow Airlines,,"""RT""=>""Rainbow Airlines"","
RU,SKI,Air Bridge Cargo,Tci Skyking,"""RU""=>""Air Bridge Cargo"","
RV,,Air Canada Rouge,,"""RV""=>""Air Canada Rouge"","
RW,RYL,Royal Air Charter Service,,"""RW""=>""Royal Air Charter Service"","
RX,,Regent Airways,,"""RX""=>""Regent Airways"","
RY,CJX,Jiangxi Air,,"""RY""=>""Jiangxi Air"","
RZ,LRS,SANSA Airlines,,"""RZ""=>""SANSA Airlines"","
S0,OKS,Slok Air International,,"""S0""=>""Slok Air International"","
S1,LSY,Lufthansa Systems,,"""S1""=>""Lufthansa Systems"","
S2,RSH,Jet Lite,,"""S2""=>""Jet Lite"","
S3,BBR,SBA Airlines,,"""S3""=>""SBA Airlines"","
S4,RZO,SATA International,,"""S4""=>""SATA International"","
S5,TCF,Shuttle America,,"""S5""=>""Shuttle America"","
S6,SNR,Sunrise Airways,,"""S6""=>""Sunrise Airways"","
S7,SBI,S7 Airlines,,"""S7""=>""S7 Airlines"","
S8,SDA,Sounds Air,,"""S8""=>""Sounds Air"","
S9,IKM,Starbow,Starbow,"""S9""=>""Starbow"","
SA,SAA,South African Airways,SAA,"""SA""=>""South African Airways"","
SB,ACI,Aircalin,Cal Int,"""SB""=>""Aircalin"","
SC,CDG,Shandong Airlines,,"""SC""=>""Shandong Airlines"","
SD,SUD,Sudan Airways,,"""SD""=>""Sudan Airways"","
SF,DTH,Tassili Airlines,,"""SF""=>""Tassili Airlines"","
SG,SEJ,SpiceJet,,"""SG""=>""SpiceJet"","
SH,,Sharp Aviation,Fly Me,"""SH""=>""Sharp Aviation"","
SI,BCI,Blue Islands,,"""SI""=>""Blue Islands"","
SJ,SJY,Sriwijaya Air,,"""SJ""=>""Sriwijaya Air"","
SK,SAS,Scandinavian Airlines,,"""SK""=>""Scandinavian Airlines"","
SL,TLM,Thai Lion Air,Rio Sul,"""SL""=>""Thai Lion Air"","
SM,MSC,Air Cairo,,"""SM""=>""Air Cairo"","
SN,BEL,Brussels Airlines,,"""SN""=>""Brussels Airlines"","
SO,,Apex Airline,,"""SO""=>""Apex Airline"","
SP,RZO,SATA Air Açores,,"""SP""=>""SATA Air Açores"","
SQ,SIA,Singapore Airlines,,"""SQ""=>""Singapore Airlines"","
SS,CRL,Corsair,,"""SS""=>""Corsair"","
ST,GMI,Germania,,"""ST""=>""Germania"","
SU,AFL,Aeroflot,,"""SU""=>""Aeroflot"","
SV,SVA,Saudia,Saudi Arabian Airlines,"""SV""=>""Saudia"","
SW,NMB,Air Namibia,,"""SW""=>""Air Namibia"","
SX,SRK,SkyWork Airlines,,"""SX""=>""SkyWork Airlines"","
SY,SCX,Sun Country,,"""SY""=>""Sun Country"","
SZ,SMR,Somon Air,,"""SZ""=>""Somon Air"","
T0,TPU,Avianca Perú,TACA Peru,"""T0""=>""Avianca Perú"","
T1,,Tik Systems,,"""T1""=>""Tik Systems"","
T2,FLB,Fly Art,,"""T2""=>""Fly Art"","
T3,EZE,Eastern Airways,,"""T3""=>""Eastern Airways"","
T4,,Trip,,"""T4""=>""Trip"","
T5,TUA,Turkmenistan Airlines,,"""T5""=>""Turkmenistan Airlines"","
T6,ITI,ITI Air,Island Transvoyager,"""T6""=>""ITI Air"","
T7,TJT,Twin Jet,,"""T7""=>""Twin Jet"","
T9,,Aviator Aviation,,"""T9""=>""Aviator Aviation"","
TA,TAI,Avianca El Salvador,TACA Airlines,"""TA""=>""Avianca El Salvador"","
TB,JAF,TUIfly Belgium,,"""TB""=>""TUIfly Belgium"","
TC,ATC,Air Tanzania,,"""TC""=>""Air Tanzania"","
TD,,Atlantis European Airways,Atlantis,"""TD""=>""Atlantis European Airways"","
TE,IGA,Sky Taxi,,"""TE""=>""Sky Taxi"","
TF,BRA,BRA,,"""TF""=>""BRA"","
TG,THA,Thai Airways,,"""TG""=>""Thai Airways"","
TH,RMY,Raya Airways,,"""TH""=>""Raya Airways"","
TI,TWI,Tailwind Hava Yollari As,Baltic Int,"""TI""=>""Tailwind Hava Yollari As"","
TJ,GPD,Tradewind Aviation,,"""TJ""=>""Tradewind Aviation"","
TK,THY,Turkish Airlines,,"""TK""=>""Turkish Airlines"","
TL,ANO,Airnorth,Capiteq Limited,"""TL""=>""Airnorth"","
TM,LAM,Lam Mozambique,,"""TM""=>""Lam Mozambique"","
TN,THT,Air Tahiti Nui,,"""TN""=>""Air Tahiti Nui"","
TO,,Transavia France,President Air,"""TO""=>""Transavia France"","
TP,TAP,TAP Portugal,,"""TP""=>""TAP Portugal"","
TQ,TDM,Tandem Aero,,"""TQ""=>""Tandem Aero"","
TR,TGW,Tigerair,,"""TR""=>""Tigerair"","
TS,TSC,Air Transat,,"""TS""=>""Air Transat"","
TT,TGW,Tigerair Australia,,"""TT""=>""Tigerair Australia"","
TU,TAR,Tunisair,Tunis Air,"""TU""=>""Tunisair"","
TV,TBA,Tibet Airlines,,"""TV""=>""Tibet Airlines"","
TW,TWB,T'way Air,,"""TW""=>""T'way Air"","
TX,FWI,Air Caraibes,,"""TX""=>""Air Caraibes"","
TY,TPC,Air Caledonie,,"""TY""=>""Air Caledonie"","
TZ,SCO,Scoot,,"""TZ""=>""Scoot"","
U1,,Videcom International,,"""U1""=>""Videcom International"","
U2,EZY,easyJet,,"""U2""=>""easyJet"","
U3,AIA,Avies,,"""U3""=>""Avies"","
U4,BHA,Buddha Air,,"""U4""=>""Buddha Air"","
U5,,Karinou Airlines,USA 3000,"""U5""=>""Karinou Airlines"","
U6,SVR,Ural Airlines,,"""U6""=>""Ural Airlines"","
U7,,Air Uganda,Norcanair,"""U7""=>""Air Uganda"","
U8,CYF,Tus Airways,,"""U8""=>""Tus Airways"","
U9,,Tatarstan Air,,"""U9""=>""Tatarstan Air"","
UA,UAL,United Airlines,,"""UA""=>""United Airlines"","
UB,UBA,Myanmar National Airlines,UTD Myanmar,"""UB""=>""Myanmar National Airlines"","
UC,LCO,LAN Cargo,Ladeco,"""UC""=>""LAN Cargo"","
UD,HER,Hex Air,,"""UD""=>""Hex Air"","
UE,,Nasair,,"""UE""=>""Nasair"","
UF,UKM,Um Air,,"""UF""=>""Um Air"","
UG,,Tunisair Express,Tuninter,"""UG""=>""Tunisair Express"","
UH,UJX,AtlasJet Ukraine,US Helicopter,"""UH""=>""AtlasJet Ukraine"","
UI,AUK,Auric Air Services,,"""UI""=>""Auric Air Services"","
UJ,LMU,AlMasria Universal Airlines,,"""UJ""=>""AlMasria Universal Airlines"","
UK,VTI,Vistara,Tata SIA Airlines,"""UK""=>""Vistara"","
UL,ALK,SriLankan Airlines,,"""UL""=>""SriLankan Airlines"","
UM,AZW,Air Zimbabwe,,"""UM""=>""Air Zimbabwe"","
UN,TSO,Transaero Airlines,,"""UN""=>""Transaero Airlines"","
UO,HKE,Hong Kong Express Airways,,"""UO""=>""Hong Kong Express Airways"","
UP,BHS,Bahamasair,,"""UP""=>""Bahamasair"","
UQ,,Business Aviation Centre,O Connor,"""UQ""=>""Business Aviation Centre"","
UR,UGD,Uganda Airlines,,"""UR""=>""Uganda Airlines"","
US,AWE,US Airways,,"""US""=>""US Airways"","
UT,UTA,UTair Aviation,UTair,"""UT""=>""UTair Aviation"","
UU,REU,Air Austral,,"""UU""=>""Air Austral"","
UV,,Helicopteros Del Sureste,,"""UV""=>""Helicopteros Del Sureste"","
UX,AEA,Air Europa,,"""UX""=>""Air Europa"","
UY,SPD,Sky Prime Charter,,"""UY""=>""Sky Prime Charter"","
UZ,BRQ,Buraq Air,,"""UZ""=>""Buraq Air"","
V0,VCV,Conviasa,Conviasa,"""V0""=>""Conviasa"","
V1,,IBS Software Services Americas,,"""V1""=>""IBS Software Services Americas"","
V2,RBY,Vision Airlines,,"""V2""=>""Vision Airlines"","
V3,KRP,Carpatair,,"""V3""=>""Carpatair"","
V4,VES,Vieques Air Link,,"""V4""=>""Vieques Air Link"","
V5,DAP,Aerovias DAP,,"""V5""=>""Aerovias DAP"","
V6,,Air Link,,"""V6""=>""Air Link"","
V7,VOL,Volotea,,"""V7""=>""Volotea"","
V8,IAR,Iliamna Air,Contact Air,"""V8""=>""Iliamna Air"","
V9,,Van Air Europe,,"""V9""=>""Van Air Europe"","
VA,VOZ,Virgin Australia,,"""VA""=>""Virgin Australia"","
VB,VIV,Aeroenlaces Nacionales,,"""VB""=>""Aeroenlaces Nacionales"","
VC,SRY,ViaAir,,"""VC""=>""ViaAir"","
VD,,Hennan Airlines,,"""VD""=>""Hennan Airlines"","
VE,EFY,EasyFly,,"""VE""=>""EasyFly"","
VG,VLM,VLM Airlines,,"""VG""=>""VLM Airlines"","
VH,VVC,Viva Air Colombia,,"""VH""=>""Viva Air Colombia"","
VI,,Volga Dnepr Airline,,"""VI""=>""Volga Dnepr Airline"","
VJ,VJC,VietJet Air,,"""VJ""=>""VietJet Air"","
VK,FOO,Anisec Luftfahrt,,"""VK""=>""Anisec Luftfahrt"","
VL,VIM,Air VIA,,"""VL""=>""Air VIA"","
VN,HVN,Vietnam Airlines,,"""VN""=>""Vietnam Airlines"","
VO,WLM,VLM Airlines Slovenia,,"""VO""=>""VLM Airlines Slovenia"","
VP,VQI,Villa Air,,"""VP""=>""Villa Air"","
VQ,,Novoair,,"""VQ""=>""Novoair"","
VR,TCV,Tacv Cabo Verde Airlines,TACV,"""VR""=>""Tacv Cabo Verde Airlines"","
VS,VIR,Virgin Atlantic,,"""VS""=>""Virgin Atlantic"","
VT,VTA,Air Tahiti,,"""VT""=>""Air Tahiti"","
VU,VAR,Vuelos Economicos,,"""VU""=>""Vuelos Economicos"","
VV,VPE,Viva Airlines Peru,,"""VV""=>""Viva Airlines Peru"","
VW,TAO,Aeromar,,"""VW""=>""Aeromar"","
VX,VRD,Virgin America,,"""VX""=>""Virgin America"","
VY,VLG,Vueling,,"""VY""=>""Vueling"","
VZ,TVJ,Thai Vietjet Air,,"""VZ""=>""Thai Vietjet Air"","
W1,,WorldTicket,,"""W1""=>""WorldTicket"","
W2,FXT,Flexflight,Flexflight,"""W2""=>""Flexflight"","
W3,ARA,Arik Air,,"""W3""=>""Arik Air"","
W5,IRM,Mahan Airlines,,"""W5""=>""Mahan Airlines"","
W6,WZZ,Wizz Air,,"""W6""=>""Wizz Air"","
W7,SAH,Sayakhat Airlines,Sayakhat Air,"""W7""=>""Sayakhat Airlines"","
W8,WND,Caribbean Winds Airlines,La Costena,"""W8""=>""Caribbean Winds Airlines"","
W9,,Air Bagan,,"""W9""=>""Air Bagan"","
WA,KLC,KLM Cityhopper,,"""WA""=>""KLM Cityhopper"","
WB,RWD,Rwandair,,"""WB""=>""Rwandair"","
WC,ISV,Islena Airlines,Islena Air,"""WC""=>""Islena Airlines"","
WD,AAN,Amsterdam Airlines Bv,Das Air,"""WD""=>""Amsterdam Airlines Bv"","
WE,THD,Thai Smile Airways,Rheintalflg,"""WE""=>""Thai Smile Airways"","
WF,WIF,Widerøe,Wideroe,"""WF""=>""Widerøe"","
WG,SWG,Sunwing Airlines,Sunwing Airlines,"""WG""=>""Sunwing Airlines"","
WH,,West African Airlines,,"""WH""=>""West African Airlines"","
WI,WHT,White Airways,,"""WI""=>""White Airways"","
WJ,LAL,Air Labrador,Labrador Airways,"""WJ""=>""Air Labrador"","
WK,EDW,Edelweiss Air,,"""WK""=>""Edelweiss Air"","
WL,ECB,European Coastal Airlines,,"""WL""=>""European Coastal Airlines"","
WM,WIA,Windward Island Airways,,"""WM""=>""Windward Island Airways"","
WN,SWA,Southwest Airlines,,"""WN""=>""Southwest Airlines"","
WO,WOA,World Airways,,"""WO""=>""World Airways"","
WP,MKU,Island Air,,"""WP""=>""Island Air"","
WQ,,Romavia,,"""WQ""=>""Romavia"","
WR,WEN,WestJet Encore,,"""WR""=>""WestJet Encore"","
WS,WJA,WestJet,,"""WS""=>""WestJet"","
WT,SWT,Swiftair,,"""WT""=>""Swiftair"","
WV,RVP,Aero VIP,,"""WV""=>""Aero VIP"","
WW,,Wow Air,,"""WW""=>""Wow Air"","
WX,BCY,CityJet,,"""WX""=>""CityJet"","
WY,OAS,Oman Air,,"""WY""=>""Oman Air"","
WZ,RWZ,Red Wings Airlines,,"""WZ""=>""Red Wings Airlines"","
X3,TUI,TUIfly,,"""X3""=>""TUIfly"","
X4,,Air Excursions,,"""X4""=>""Air Excursions"","
X6,ATA,Airlines Reporting Corp,ARC,"""X6""=>""Airlines Reporting Corp"","
X7,,Exec Air,Air Service,"""X7""=>""Exec Air"","
X9,NVD,Avion Express,City Star Air,"""X9""=>""Avion Express"","
XB,,IATA,,"""XB""=>""IATA"","
XC,CAI,Corendon Airlines,,"""XC""=>""Corendon Airlines"","
XD,,Scheduled Airlines Traffic Offices,,"""XD""=>""Scheduled Airlines Traffic Offices"","
XE,JSX,Delux Public Charter,,"""XE""=>""Delux Public Charter"","
XF,VLK,Vladivostok Air,,"""XF""=>""Vladivostok Air"","
XG,,Sun Express Germany,,"""XG""=>""Sun Express Germany"","
XH,,Non Iata Codeshare Carrier,,"""XH""=>""Non Iata Codeshare Carrier"","
XJ,TAX,Thai AirAsia X,Mesaba Air,"""XJ""=>""Thai AirAsia X"","
XK,CCM,Air Corsica,,"""XK""=>""Air Corsica"","
XL,LNE,LATAM Ecuador,,"""XL""=>""LATAM Ecuador"","
XM,IMX,Zimex Aviation,,"""XM""=>""Zimex Aviation"","
XN,XAR,XpressAir,,"""XN""=>""XpressAir"","
XO,,Seair,Xinjiang,"""XO""=>""Seair"","
XP,CXP,Xtra Airways,,"""XP""=>""Xtra Airways"","
XQ,SXS,SunExpress,,"""XQ""=>""SunExpress"","
XS,SIT,SITA,,"""XS""=>""SITA"","
XT,INX,Indonesia AirAsia X,,"""XT""=>""Indonesia AirAsia X"","
XU,,African Express Airways,Link Airways,"""XU""=>""African Express Airways"","
XW,NCT,NokScoot,NokScoot Airlines Company Limited,"""XW""=>""NokScoot"","
XY,KNE,Flynas,Nas Air,"""XY""=>""Flynas"","
XZ,EXY,South African Express,SA Express,"""XZ""=>""South African Express"","
Y0,,Yellow Airtaxi,,"""Y0""=>""Yellow Airtaxi"","
Y1,,Travel Technology Interactive,,"""Y1""=>""Travel Technology Interactive"","
Y2,RGN,Ygnus Air,,"""Y2""=>""Ygnus Air"","
Y3,VOS,Gryphon Airlines,,"""Y3""=>""Gryphon Airlines"","
Y4,VOI,Volaris,Concesionaria Vuela Compañía de Aviación,"""Y4""=>""Volaris"","
Y5,,Golden Myanmar Airlines,,"""Y5""=>""Golden Myanmar Airlines"","
Y6,AYD,AB Aviation,,"""Y6""=>""AB Aviation"","
Y7,TYA,NordStar,,"""Y7""=>""NordStar"","
Y8,YZR,Yangtze River Express,,"""Y8""=>""Yangtze River Express"","
Y9,IRK,Kish Airlines,Trans Air,"""Y9""=>""Kish Airlines"","
YA,,Nego Airline One,,"""YA""=>""Nego Airline One"","
YC,LLM,Yamal Airlines,,"""YC""=>""Yamal Airlines"","
YD,,Mauritania Airways,,"""YD""=>""Mauritania Airways"","
YE,,Yan Air,,"""YE""=>""Yan Air"","
YG,OTL,South Airlines,,"""YG""=>""South Airlines"","
YH,AYG,Yangon Airways,,"""YH""=>""Yangon Airways"","
YI,,Yunnan Yingan Airline,,"""YI""=>""Yunnan Yingan Airline"","
YJ,AWM,Asian Wings Airways,,"""YJ""=>""Asian Wings Airways"","
YK,,Avia Traffic Company,Avia Traffic,"""YK""=>""Avia Traffic Company"","
YL,LWA,Libyan Wings,,"""YL""=>""Libyan Wings"","
YM,MGX,Montenegro Airlines,,"""YM""=>""Montenegro Airlines"","
YN,CRQ,Air Creebec,Air Creebec,"""YN""=>""Air Creebec"","
YO,MCM,Heli Air Monaco,,"""YO""=>""Heli Air Monaco"","
YP,PAG,Perimeter Aviation,,"""YP""=>""Perimeter Aviation"","
YQ,LCT,TAR Aerolíneas,TAR Aerolineas,"""YQ""=>""TAR Aerolíneas"","
YR,EGJ,Scenic Airlines,,"""YR""=>""Scenic Airlines"","
YS,RAE,Regional,Régional Compagnie Aérienne Européenne,"""YS""=>""Regional"","
YU,MMZ,Euroatlantic Airways,,"""YU""=>""Euroatlantic Airways"","
YV,ASH,Mesa Airlines,,"""YV""=>""Mesa Airlines"","
YW,ANE,Air Nostrum,,"""YW""=>""Air Nostrum"","
YX,MEP,Republic Airline,,"""YX""=>""Republic Airline"","
YZ,ALY,Alas Uruguay,,"""YZ""=>""Alas Uruguay"","
Z2,EZD,AirAsia Zest,,"""Z2""=>""AirAsia Zest"","
Z3,,PM Air,,"""Z3""=>""PM Air"","
Z4,GZQ,Zagrosjet,,"""Z4""=>""Zagrosjet"","
Z5,GMG,GMG Airlines,,"""Z5""=>""GMG Airlines"","
Z6,UDN,Dniproavia,,"""Z6""=>""Dniproavia"","
Z7,AUZ,Amaszonas Uruguay,,"""Z7""=>""Amaszonas Uruguay"","
Z8,AZN,Línea Aérea Amaszonas,,"""Z8""=>""Línea Aérea Amaszonas"","
Z9,BEK,Jsc Bek Air,,"""Z9""=>""Jsc Bek Air"","
ZA,SWM,Sky Angkor Airlines,Skywings Asia Airlines,"""ZA""=>""Sky Angkor Airlines"","
ZB,MON,Monarch Airlines,,"""ZB""=>""Monarch Airlines"","
ZD,EWR,Ewa Air,Flying Dandy,"""ZD""=>""Ewa Air"","
ZE,ESR,Eastar Jet,,"""ZE""=>""Eastar Jet"","
ZF,KTK,Azur Air,,"""ZF""=>""Azur Air"","
ZG,GOZ,Groznyy Avia,,"""ZG""=>""Groznyy Avia"","
ZH,CSZ,Shenzhen Airlines,,"""ZH""=>""Shenzhen Airlines"","
ZI,AAF,Aigle Azur,,"""ZI""=>""Aigle Azur"","
ZJ,ZMA,Zambezi Airlines,,"""ZJ""=>""Zambezi Airlines"","
ZK,GLA,Great Lakes Airlines,,"""ZK""=>""Great Lakes Airlines"","
ZL,RXA,Regional Express,,"""ZL""=>""Regional Express"","
ZM,MBB,Pegasus Asia,Air Manas,"""ZM""=>""Pegasus Asia"","
ZN,NAY,Naysa,Air Bourbon,"""ZN""=>""Naysa"","
ZP,AZP,Paranair,,"""ZP""=>""Paranair"","
ZR,,Punto Azul,,"""ZR""=>""Punto Azul"","
ZS,,Kazaviaspas,,"""ZS""=>""Kazaviaspas"","
ZT,,Titan Airways,,"""ZT""=>""Titan Airways"","
ZU,,Sunair,,"""ZU""=>""Sunair"","
ZV,VAX,V Air,,"""ZV""=>""V Air"","
ZW,AWI,Air Wisconsin,,"""ZW""=>""Air Wisconsin"","
ZX,GGN,Air Georgian,Air Alliance,"""ZX""=>""Air Georgian"","
ZY,,China Air Cargo,,"""ZY""=>""China Air Cargo"","
ZZ,,Airline Service,,"""ZZ""=>""Airline Service"","